"0",""
"0","library(stringr)"
"0","library(flextable)"
"0","library(ggplot2)"
"0","library(randomForest)"
"0","library(factoextra)"
"0","library(cluster) "
"0",""
"0","SQL_FILE <- 'AIMS_commercial_event_list_v2.sql'"
"0","starttime <- '2019-03-01'"
"0","endtime <- '2019-03-02'"
"0","maxcases <- 10000"
"0","aims_activities <- c('Lodgement', 'Documentation', 'Settlement problem','Inspection', 'Treatment', 'Amended', 'Export_Destroy', 'Permit conds', 'Final dir')"
"0",""
"0","events <- get.events(starttime, endtime, filename = SQL_FILE, maxcases=maxcases) %>% "
"0","  mutate(activity = if_else(as.character(activity) %in% c('Export', 'Destroy'), 'Export_Destroy', activity)) %>%   "
"0","  mutate(activity = factor(activity, levels = aims_activities))"
"0",""
"0","# get.events(starttime, endtime, filename = SQL_FILE, maxcases=maxcases) %>% "
"0","#   pull(activity) %>% "
"0","#   table()"
"0",""
"0","# entry_summary <- paste(unique(events$entry_id), collapse = ""','"") %>% "
"0","#   get.entries(filename='AIMS_entry_summary.sql') %>% "
"0","#   rename_with(tor)"
"0",""
"0","entries <- paste(unique(events$entry_id), collapse = ""','"") %>% "
"0","  get.entries(filename='AIMS_entry.sql') %>% "
"0","  rename_with(tor)"
"0",""
"0","aims.log <- function(events, activity_id = ""activity"") {"
"0","    as.events(events) %>% "
"0","    #mutate(resource='DAWE') %>% "
"0","    filter(!is.na(event_datetime)) %>% "
"0","    eventlog("
"0","      case_id = ""entry_id"","
"0","      activity_id = activity_id,"
"0","      activity_instance_id = ""activity_instance"","
"0","      lifecycle_id = ""status"","
"0","      timestamp = ""event_datetime"","
"0","      resource_id = ""location_state"""
"0","    ) %>% "
"0","    throughput_time(level = ""case"", append = TRUE, units='hours') %>% "
"0","    trace_length(level = 'case', append=TRUE, append_column='absolute') "
"0","}"
"0",""
"0","event_log <- aims.log(events)"
"0",""
"0","#process_map(event_log %>%  filter_throughput_time(percentage=0.3))"
"0",""
"0","dm <- pbi.datamodel(event_log)"
"0","dm$events <- events"
"0",""
"0","# For this PBI report, we also want a denormalised view of cases"
"0","dm$traces$amended <- grepl('A', dm$traces$trace_id)"
"0","dm$traces$permit <- grepl('P', dm$traces$trace_id)"
"0",""
"0","#dm$entry_summary <- entry_summary"
"0","dm$cases %<>% "
"0","  left_join(entries, by='entry_id') %>% "
"0","  left_join(dm$case_trace, by='entry_id') %>% "
"0","  left_join(dm$traces %>% select(trace_id, amended, permit), by='trace_id') %>% "
"0","  #left_join(entry_summary %>% select(entry_id, `non-compliance`), by='entry_id') %>% "
"0","  mutate(amended_compliant = (`non-compliance`=='No non-compliance') & amended) "
"0","  "
"0","csvs <- lapply(1:length(dm), function(x) write.csv("
"0","  dm[[x]] %>% rename_with(toproper), "
"0","  file = paste0('csv/aims_', names(dm)[x], '.csv'),"
"0","  row.names = FALSE))"
"0",""
"0","layout_tb_aims <- data.frame("
"0","  act=c('ARTIFICIAL_START', 'Lodgement', 'Documentation', 'Inspection', 'Treatment', 'Amended', 'Final dir', 'Export Destroy', 'ARTIFICIAL_END'),"
"0","  x=c(2, 2, 4,   0,   2.5, 2, 2, 2, 3),"
"0","  y=c(7, 6, 4.5, 4.5, 3.5, 2, 1, 0, -1) + 1"
"0",")"
"0",""
"0","mytable <- function(x, caption=''){"
"0","  flextable(x) %>% "
"0","    set_caption(caption) %>% "
"0","    autofit()"
"0","}"
"0",""
