"0",""
"0","dm <- pbi.datamodel(event_log)"
"0","dm$events <- events"
"0",""
"0","# For this PBI report, we also want a denormalised view of cases"
"0","dm$traces$amended <- grepl('A', dm$traces$trace_id)"
"0","dm$traces$permit <- grepl('P', dm$traces$trace_id)"
"0",""
"0","#dm$entry_summary <- entry_summary"
"0","dm$cases %<>% "
"0","  left_join(entries, by='entry_id') %>% "
"0","  left_join(dm$case_trace, by='entry_id') %>% "
"0","  left_join(dm$traces %>% select(trace_id, amended, permit), by='trace_id') %>% "
"0","  mutate(amended_compliant = (`non-compliance`=='No non-compliance') & amended) "
"0","  "
"0","csvs <- lapply(1:length(dm), function(x) write.csv("
"0","  dm[[x]] %>% rename_with(toproper), "
"0","  file = paste0('csv/aims_', names(dm)[x], '.csv'),"
"0","  row.names = FALSE))"
"0",""
"0","# This is not used but is intended for use where the automatic layout doesn't work"
"0","layout_tb_aims <- data.frame("
"0","  act=c('ARTIFICIAL_START', 'Lodgement', 'Documentation', 'Inspection', 'Treatment', 'Amended', 'Final dir', 'Export Destroy', 'ARTIFICIAL_END'),"
"0","  x=c(2, 2, 4,   0,   2.5, 2, 2, 2, 3),"
"0","  y=c(7, 6, 4.5, 4.5, 3.5, 2, 1, 0, -1) + 1"
"0",")"
"0",""
