"0",""
"0","# Cut tree into n groups"
"0","n <- 6"
"0","sub_grp <- cutree(hc1, k = n)"
"0","tt <- function(x) {"
"0","  mean(X$throughput_time[sub_grp==x])"
"0","}"
"0","throughput <- purrr::map_dbl(1:n, tt)  "
"0","names(throughput) <- paste0('Group', 1:n)"
"0","freq <- table(sub_grp)"
"0","rbind(throughput, freq)"
"1","          "
"1","   Group1"
"1","    Group2"
"1","   Group3"
"1","   Group4"
"1","   Group5"
"1","   Group6"
"1","
throughput"
"1"," 140.5964"
"1","  383.2865"
"1"," 3047.341"
"1"," 145.3683"
"1"," 4250.469"
"1"," 1928.905"
"1","
freq      "
"1"," 252.0000"
"1"," 1552.0000"
"1","   51.000"
"1","  35.0000"
"1","   16.000"
"1","    2.000"
"1","
"
"0","ttsum <- function(x) {"
"0"," c(group=x, n=as.numeric(freq[x]), throughput=mean(X$throughput_time[sub_grp==x]),"
"0","  sapply(hcdat[sub_grp==x, ], mean))"
"0","}"
"0",""
"0","lapply(1:n, ttsum) %>% "
"0","  bind_rows()"
