"0",""
"0","export.pm <- function(filename, layout=layout_pm(edge_weight = TRUE, edge_cutoff = 20), ev_log=event_log, ...) {"
"0","  dg <- ev_log %>% "
"0","    filter(status!='scheduled') %>% "
"0","    process_map(layout=layout, render=FALSE, ...)"
"0","  if (file.exists(filename)) file.remove(filename)"
"0","  export_graph(dg, filename, file_type = ""png"", width = 986*2)   "
"0","  knitr::include_graphics(filename)"
"0","}"
"0",""
"0","main_events <- event_log %>% filter_trace_frequency(percentage = 0.8)"
"0",""
"0","slowest <- event_log %>% "
"0","  filter_throughput_time(percentage = 0.98, reverse=T) %>% "
"0","  left_join(dm$cases, by='entry_id') %>% "
"0","  mutate(treated=grepl('T', trace_id)) %>% "
"0","  tibble()"
"0",""
"0","slowest %>% "
"0","  summarise(Treated=sum(treated)/nrow(.),"
"0","            Amended=sum(amended)/nrow(.),"
"0","            Permit=sum(permit)/nrow(.)) "
