"0",""
"0","# event_log %>% "
"0","#   filter(entry_id %in% slowest) %>% "
"0","#   tibble() %>% "
"0","#   summarise"
"0",""
"0","slow_ones <- event_log %>% "
"0","  filter_throughput_time(percentage = 0.85, reverse=T)"
"0",""
"0","AIMS_slowest_animation <- animate_process(slow_ones,"
"0","                                          mode = ""absolute"","
"0","                                          jitter=10,"
"0","                                          repeat_count=10,"
"0","                                          repeat_delay=5,"
"0","                                          layout=layout_pm(edge_weight=TRUE))"
"0","AIMS_slowest_animation"
