"0",""
"0","getstats <- function(cases, tp_low, tp_high) {"
"0","  cases %>% "
"0","    filter(throughput_time>=tp_low,"
"0","           throughput_time<tp_high) %>% "
"0","    left_join(dm$entry_summary %>% select(entry_id, noncompliant=`non-compliant`)) %>% "
"0","    mutate(treated=grepl('T', trace_id)) %>% "
"0","    mutate(inspected=grepl('I', trace_id)) %>% "
"0","    summarise(amended=sum(amended)/nrow(.),"
"0","              treated=sum(treated)/nrow(.),"
"0","              inspected=sum(inspected)/nrow(.),"
"0","              noncompliant=sum(noncompliant)/nrow(.),"
"0","              mean_thoughput_time = mean(throughput_time))"
"0","}"
"0",""
"0","# brks <- quantile(dm$cases$throughput_time, probs = seq(0, 1, 0.1))"
"0","# "
"0","# lapply(2:length(brks), function(x) getstats(dm$cases, brks[x-1], brks[x])) %>% "
"0","#   bind_rows() -> stats"
"0","# stats %>% "
"0","#   ggplot() + "
"0","#   geom_line(aes(log10(mean_thoughput_time), amended), col='red') +"
"0","#   geom_line(aes(log10(mean_thoughput_time), inspected), col='blue') +"
"0","#   geom_line(aes(log10(mean_thoughput_time), treated), col='darkgreen') +"
"0","#   geom_line(aes(log10(mean_thoughput_time), noncompliant), col='orange') "
"0","#   "
"0","# getstats(dm$cases, brks[1], brks[2])"
"0",""
"0","export.pm('plots/AIMS_process_volume.png',"
"0","          ev_log=main_events,"
"0","          type=performance(median, units='days'),"
"0","          fixed_edge_width=TRUE)"
