"0","save.widget(AIMS_fastest_animation, dir='plots')"
"0",""
"0","X <- dm$cases %>% "
"0","  filter(arrival_mode_id %in% c('A', 'S')) %>% "
"0","  mutate(sea = arrival_mode_id=='S',"
"0","         fid = document_type_id=='FID') %>% "
"0","  filter(!is.na(creation_time)) %>% "
"0","  mutate(hr = as.numeric(substring(creation_time, 1, 2))) %>% "
"0","  select(throughput_time, fid, sea, hr,"
"0","         loading_port_code, discharge_port, assessed_by_department, inspected,"
"0","         exported, destroyed, upgraded, amended,"
"0","         permit, treated) "
"0",""
"0","fit <- randomForest(throughput_time~., data=X)"
"0","varImpPlot(fit,type=2)"
