"0","save.widget(AIMS_slowest_animation, dir='plots')"
"0",""
"0","fast_ones <- event_log %>% "
"0","  filter_throughput_time(percentage = 0.15)"
"0",""
"0","AIMS_fastest_animation <- animate_process(fast_ones,"
"0","                                          mode = ""absolute"","
"0","                                          jitter=10,"
"0","                                          repeat_count=10,"
"0","                                          repeat_delay=5,"
"0","                                          layout=layout_pm(edge_weight=TRUE))"
"0","AIMS_fastest_animation"
