"0",""
"0","# Dissimilarity matrix"
"0","d <- dist(hcdat_scaled, method = ""euclidean"")"
"0",""
"0","# Hierarchical clustering using Complete Linkage"
"0","hc1 <- hclust(d, method = ""complete"" )"
"0",""
"0",""
"0","# Compute maximum or complete linkage clustering with agnes"
"0","hc2 <- agnes(hcdat_scaled, method = ""ward"")"
"0",""
"0","# Agglomerative coefficient"
"0","hc2$ac"
"1","[1]"
"1"," 0.9992025"
"1","
"
"0","dend_plot <- fviz_dend(hc1)"
"0","dend_data <- attr(dend_plot, ""dendrogram"")"
"0","dend_cuts <- cut(dend_data, h = 3)"
"0","fviz_dend(dend_cuts$lower[[2]])"
