"0","entries <- paste(unique(events$entry_id), collapse = ""','"") %>% "
"0","  get.entries(filename='AIMS_entry.sql') %>% "
"0","  rename_with(tor)"
"0",""
"0","aims.log <- function(events, activity_id = ""activity"") {"
"0","    as.events(events) %>% "
"0","    #mutate(resource='DAWE') %>% "
"0","    filter(!is.na(event_datetime)) %>% "
"0","    eventlog("
"0","      case_id = ""entry_id"","
"0","      activity_id = activity_id,"
"0","      activity_instance_id = ""activity_instance"","
"0","      lifecycle_id = ""status"","
"0","      timestamp = ""event_datetime"","
"0","      resource_id = ""location_state"""
"0","    ) %>% "
"0","    throughput_time(level = ""case"", append = TRUE, units='hours') %>% "
"0","    trace_length(level = 'case', append=TRUE, append_column='absolute') "
"0","}"
"0",""
"0","event_log <- aims.log(events)"
"0",""
