"0",""
"0","obscure.id <- function(x) paste0(substring(x, 1, 6), 'XXXX')"
"0","ids <- unique(event_log$entry_id)[1:2]"
"0",""
"0","two.cases <- events %>% "
"0","  as_tibble() %>% "
"0","  rename_with(toproper) %>% "
"0","  filter(`Entry ID` %in% ids) %>% "
"0","  mutate(`Start datetime`=format(as.POSIXct(`Start datetime`), '%a %H:%M'),"
"0","         `Complete datetime`=format(as.POSIXct(`Complete datetime`), '%a %H:%M')) %>% "
"0","  mutate(`Entry ID` = obscure.id(`Entry ID`)) %>%"
"0","  select(`Entry ID`, `Destination port`, Activity, `Start datetime`, `Complete datetime`) "
"0",""
"0","# two.cases <- event_log %>% "
"0","#   as_tibble() %>% "
"0","#   rename_with(toproper) %>% "
"0","#   filter(`Entry ID` %in% ids) %>% "
"0","#   mutate(Case=obscure.id(`Entry ID`)) %>% "
"0","#   mutate(`Event time`=format(`Event datetime`, '%a %H:%M')) %>% "
"0","#   select(Case, `Destination port`, Activity, Status, `Event time`, `Activity instance`) "
"0",""
"0","case1_rows <- events %>% filter(entry_id==ids[1]) %>% nrow()"
"0","ids <- obscure.id(ids)"
"0","evt <- as.Date(events$start_datetime[1]) %>% format(""%A"")"
"0","mytable(two.cases, caption='An exemplary list of events using data from the IMS')"
