{"chunk_definitions":[{"row":28,"row_count":1,"visible":true,"expansion_state":0,"options":{"engine":"r","label":"setup","include":false,"echo":false},"document_id":"EAF5F188","chunk_id":"csetup_chunk","chunk_label":"setup"},{"row":52,"row_count":1,"visible":true,"expansion_state":0,"options":{"engine":"r","label":"datamodel","echo":false,"fig.cap":"A data model for business process analysis (from bupr.net)"},"document_id":"EAF5F188","chunk_id":"ck4xcio7gntcf","chunk_label":"datamodel"},{"row":83,"row_count":1,"visible":true,"expansion_state":0,"options":{"engine":"r","label":"eventlist","echo":false,"warning":false},"document_id":"EAF5F188","chunk_id":"ckx49hb17d1ph","chunk_label":"eventlist"},{"row":106,"row_count":1,"visible":true,"expansion_state":0,"options":{"engine":"r","label":"processmap","echo":false,"message":false,"warning":false,"fig.id":"process_volume","fig.cap":"IMS process map showing volume of events","fig.cap.style":"Image Caption"},"document_id":"EAF5F188","chunk_id":"cu9tcomtkkang","chunk_label":"processmap"},{"row":122,"row_count":1,"visible":true,"expansion_state":0,"options":{"engine":"r","label":"eventcounts","echo":false,"message":false,"warning":false},"document_id":"EAF5F188","chunk_id":"ciguhkw42nmc0","chunk_label":"eventcounts"}],"doc_write_time":1627439352,"working_dir":null,"default_chunk_options":{"echo":true,"fig.align":"center"},"chunk_rendered_width":700}