﻿{"name":"BAC Theme 2020 - Monochromatic Color","dataColors":["#015ca2","#6BE1FF","#F57C00","#F8BBD0","#7B1FA2","#7DED9D","#FF1744","#546E7A","#D8C6B8","#19D7F9","#005C7A","#5F6B6D","#FB8281","#F4D25A","#7F898A","#A4DDEE","#FDAB89","#B687AC","#28738A","#A78F8F","#168980","#293537","#BB4A4A","#B59525","#475052","#6A9FB0","#BD7150","#7B4F71","#1B4D5C","#706060","#0F5C55","#1C2325"],"tableAccent":"#272C32","visualStyles":{"*":{"*":{"title":[{"show":true,"fontColor":{"solid":{"color":"#000000"}},"alignment":"left","fontSize":11,"fontFamily":"'Segoe UI Bold', wf_segoe-ui_bold, helvetica, arial, sans-serif"}],"background":[{"transparency":0}],"border":[{"show":false,"color":{"solid":{"color":"#272C32"}},"radius":2.5}],"stylePreset":[{"name":"None"}]}},"page":{"*":{"background":[{"color":{"solid":{"color":"#FFFFFF"}},"transparency":25}],"outspace":[{"color":{"solid":{"color":"#FFFFFF"}},"transparency":0}]}},"barChart":{"*":{"legend":[{"showTitle":false,"fontSize":9,"fontFamily":"Segoe UI","labelColor":{"solid":{"color":"#000000"}}}],"categoryAxis":[{"fontSize":11,"fontFamily":"Segoe UI","titleFontSize":11,"titleFontFamily":"Segoe UI","labelColor":{"solid":{"color":"#000000"}}}],"valueAxis":[{"fontSize":11,"fontFamily":"Segoe UI","titleFontSize":11,"titleFontFamily":"Segoe UI","labelColor":{"solid":{"color":"#000000"}}}],"labels":[{"show":true,"color":{"solid":{"color":"#000000"}},"fontSize":9,"fontFamily":"Segoe UI"}],"dataLabels":[{"show":true,"color":{"solid":{"color":"#000000"}},"fontSize":9,"fontFamily":"Segoe UI"}]}},"columnChart":{"*":{"legend":[{"showTitle":false,"fontSize":9,"fontFamily":"Segoe UI","labelColor":{"solid":{"color":"#000000"}}}],"categoryAxis":[{"fontSize":11,"fontFamily":"Segoe UI","titleFontSize":11,"titleFontFamily":"Segoe UI","labelColor":{"solid":{"color":"#000000"}}}],"valueAxis":[{"fontSize":11,"fontFamily":"Segoe UI","titleFontSize":11,"titleFontFamily":"Segoe UI","labelColor":{"solid":{"color":"#000000"}}}],"labels":[{"show":true,"color":{"solid":{"color":"#000000"}},"fontSize":9,"fontFamily":"Segoe UI"}],"dataLabels":[{"show":true,"color":{"solid":{"color":"#000000"}},"fontSize":9,"fontFamily":"Segoe UI"}]}},"clusteredBarChart":{"*":{"legend":[{"showTitle":false,"fontSize":9,"fontFamily":"Segoe UI","labelColor":{"solid":{"color":"#000000"}}}],"categoryAxis":[{"fontSize":11,"fontFamily":"Segoe UI","titleFontSize":11,"titleFontFamily":"Segoe UI","preferredCategoryWidth":25,"maxMarginFactor":30,"innerPadding":30,"labelColor":{"solid":{"color":"#000000"}}}],"valueAxis":[{"fontSize":11,"fontFamily":"Segoe UI","titleFontSize":11,"titleFontFamily":"Segoe UI","labelColor":{"solid":{"color":"#000000"}}}],"labels":[{"show":true,"color":{"solid":{"color":"#000000"}},"fontSize":9,"fontFamily":"Segoe UI"}],"dataLabels":[{"show":true,"color":{"solid":{"color":"#000000"}},"fontSize":9,"fontFamily":"Segoe UI"}]}},"clusteredColumnChart":{"*":{"legend":[{"showTitle":false,"fontSize":9,"fontFamily":"Segoe UI","labelColor":{"solid":{"color":"#000000"}}}],"categoryAxis":[{"fontSize":11,"fontFamily":"Segoe UI","titleFontSize":11,"titleFontFamily":"Segoe UI","labelColor":{"solid":{"color":"#000000"}}}],"valueAxis":[{"fontSize":11,"fontFamily":"Segoe UI","titleFontSize":11,"titleFontFamily":"Segoe UI","labelColor":{"solid":{"color":"#000000"}}}],"labels":[{"show":true,"color":{"solid":{"color":"#000000"}},"fontSize":9,"fontFamily":"Segoe UI"}],"dataLabels":[{"show":true,"color":{"solid":{"color":"#000000"}},"fontSize":9,"fontFamily":"Segoe UI"}]}},"hundredPercentStackedBarChart":{"*":{"legend":[{"showTitle":false,"fontSize":9,"fontFamily":"Segoe UI","labelColor":{"solid":{"color":"#000000"}}}],"categoryAxis":[{"fontSize":11,"fontFamily":"Segoe UI","titleFontSize":11,"titleFontFamily":"Segoe UI","labelColor":{"solid":{"color":"#000000"}}}],"valueAxis":[{"fontSize":11,"fontFamily":"Segoe UI","titleFontSize":11,"titleFontFamily":"Segoe UI","labelColor":{"solid":{"color":"#000000"}}}],"labels":[{"show":true,"color":{"solid":{"color":"#000000"}},"fontSize":9,"fontFamily":"Segoe UI"}],"dataLabels":[{"show":true,"color":{"solid":{"color":"#000000"}},"fontSize":9,"fontFamily":"Segoe UI"}]}},"hundredPercentStackedColumnChart":{"*":{"legend":[{"showTitle":false,"fontSize":9,"fontFamily":"Segoe UI","labelColor":{"solid":{"color":"#000000"}}}],"categoryAxis":[{"fontSize":11,"fontFamily":"Segoe UI","titleFontSize":11,"titleFontFamily":"Segoe UI","labelColor":{"solid":{"color":"#000000"}}}],"valueAxis":[{"fontSize":11,"fontFamily":"Segoe UI","titleFontSize":11,"titleFontFamily":"Segoe UI","labelColor":{"solid":{"color":"#000000"}}}],"labels":[{"show":true,"color":{"solid":{"color":"#000000"}},"fontSize":9,"fontFamily":"Segoe UI"}],"dataLabels":[{"show":true,"color":{"solid":{"color":"#000000"}},"fontSize":9,"fontFamily":"Segoe UI"}]}},"lineChart":{"*":{"legend":[{"showTitle":false,"fontSize":9,"fontFamily":"Segoe UI","labelColor":{"solid":{"color":"#000000"}}}],"lineStyles":[{"strokeWidth":3}],"categoryAxis":[{"fontSize":11,"fontFamily":"Segoe UI","titleFontSize":11,"titleFontFamily":"Segoe UI"}],"valueAxis":[{"fontSize":11,"fontFamily":"Segoe UI","titleFontSize":11,"titleFontFamily":"Segoe UI"}]}},"AreaChart":{"*":{"legend":[{"showTitle":false,"fontSize":9,"fontFamily":"Segoe UI","labelColor":{"solid":{"color":"#000000"}}}],"categoryAxis":[{"fontSize":11,"fontFamily":"Segoe UI","titleFontSize":11,"titleFontFamily":"Segoe UI","labelColor":{"solid":{"color":"#000000"}}}],"valueAxis":[{"fontSize":11,"fontFamily":"Segoe UI","titleFontSize":11,"titleFontFamily":"Segoe UI","labelColor":{"solid":{"color":"#000000"}}}],"labels":[{"show":false,"color":{"solid":{"color":"#000000"}},"fontSize":9,"fontFamily":"Segoe UI"}],"dataLabels":[{"show":false,"color":{"solid":{"color":"#000000"}},"fontSize":9,"fontFamily":"Segoe UI"}]}},"stackedAreaChart":{"*":{"legend":[{"showTitle":false,"fontSize":9,"fontFamily":"Segoe UI","labelColor":{"solid":{"color":"#000000"}}}],"categoryAxis":[{"fontSize":11,"fontFamily":"Segoe UI","titleFontSize":11,"titleFontFamily":"Segoe UI","labelColor":{"solid":{"color":"#000000"}}}],"valueAxis":[{"fontSize":11,"fontFamily":"Segoe UI","titleFontSize":11,"titleFontFamily":"Segoe UI","labelColor":{"solid":{"color":"#000000"}}}],"labels":[{"show":false,"color":{"solid":{"color":"#000000"}},"fontSize":9,"fontFamily":"Segoe UI"}],"dataLabels":[{"show":false,"color":{"solid":{"color":"#000000"}},"fontSize":9,"fontFamily":"Segoe UI"}]}},"lineStackedColumnComboChart":{"*":{"legend":[{"showTitle":false,"fontSize":9,"fontFamily":"Segoe UI","labelColor":{"solid":{"color":"#000000"}}}],"categoryAxis":[{"fontSize":11,"fontFamily":"Segoe UI","titleFontSize":11,"titleFontFamily":"Segoe UI","labelColor":{"solid":{"color":"#000000"}}}],"valueAxis":[{"fontSize":11,"fontFamily":"Segoe UI","titleFontSize":11,"titleFontFamily":"Segoe UI","labelColor":{"solid":{"color":"#000000"}}}],"labels":[{"show":false,"color":{"solid":{"color":"#000000"}},"fontSize":9,"fontFamily":"Segoe UI"}],"dataLabels":[{"show":false,"color":{"solid":{"color":"#000000"}},"fontSize":9,"fontFamily":"Segoe UI"}]}},"lineClusteredColumnComboChart":{"*":{"legend":[{"showTitle":false,"fontSize":9,"fontFamily":"Segoe UI","labelColor":{"solid":{"color":"#000000"}}}],"categoryAxis":[{"fontSize":11,"fontFamily":"Segoe UI","titleFontSize":11,"titleFontFamily":"Segoe UI","labelColor":{"solid":{"color":"#000000"}}}],"valueAxis":[{"fontSize":11,"fontFamily":"Segoe UI","titleFontSize":11,"titleFontFamily":"Segoe UI","labelColor":{"solid":{"color":"#000000"}}}],"labels":[{"show":false,"color":{"solid":{"color":"#000000"}},"fontSize":9,"fontFamily":"Segoe UI"}],"dataLabels":[{"show":false,"color":{"solid":{"color":"#000000"}},"fontSize":9,"fontFamily":"Segoe UI"}]}},"ribbonChart":{"*":{"legend":[{"showTitle":false,"fontSize":9,"fontFamily":"Segoe UI","labelColor":{"solid":{"color":"#000000"}}}],"categoryAxis":[{"fontSize":11,"fontFamily":"Segoe UI","titleFontSize":11,"titleFontFamily":"Segoe UI","labelColor":{"solid":{"color":"#000000"}}}],"valueAxis":[{"fontSize":11,"fontFamily":"Segoe UI","titleFontSize":11,"titleFontFamily":"Segoe UI","labelColor":{"solid":{"color":"#000000"}}}],"labels":[{"show":false,"color":{"solid":{"color":"#000000"}},"fontSize":9,"fontFamily":"Segoe UI"}],"dataLabels":[{"show":false,"color":{"solid":{"color":"#000000"}},"fontSize":9,"fontFamily":"Segoe UI"}]}},"waterfallChart":{"*":{"legend":[{"showTitle":false,"fontSize":9,"fontFamily":"Segoe UI","labelColor":{"solid":{"color":"#000000"}}}],"labels":[{"show":false,"color":{"solid":{"color":"#000000"}},"fontSize":9,"fontFamily":"Segoe UI"}],"dataLabels":[{"show":false,"color":{"solid":{"color":"#000000"}},"fontSize":9,"fontFamily":"Segoe UI"}]}},"scatterChart":{"*":{"legend":[{"showTitle":false,"fontSize":9,"fontFamily":"Segoe UI","labelColor":{"solid":{"color":"#000000"}}}],"categoryLabels":[{"show":false,"color":{"solid":{"color":"#000000"}},"fontSize":9,"fontFamily":"Segoe UI"}],"labels":[{"show":false,"color":{"solid":{"color":"#000000"}},"fontSize":9,"fontFamily":"Segoe UI"}],"dataLabels":[{"show":false,"color":{"solid":{"color":"#000000"}},"fontSize":9,"fontFamily":"Segoe UI"}]}},"pieChart":{"*":{"legend":[{"showTitle":false,"fontSize":9,"fontFamily":"Segoe UI","labelColor":{"solid":{"color":"#000000"}}}],"labels":[{"show":true,"color":{"solid":{"color":"#000000"}},"fontSize":9,"fontFamily":"Segoe UI"}],"dataLabels":[{"show":true,"color":{"solid":{"color":"#000000"}},"fontSize":9,"fontFamily":"Segoe UI"}]}},"donutChart":{"*":{"legend":[{"showTitle":false,"fontSize":9,"fontFamily":"Segoe UI","labelColor":{"solid":{"color":"#000000"}}}],"labels":[{"show":true,"color":{"solid":{"color":"#000000"}},"fontSize":9,"fontFamily":"Segoe UI"}],"dataLabels":[{"show":true,"color":{"solid":{"color":"#000000"}},"fontSize":9,"fontFamily":"Segoe UI"}]}},"treemap":{"*":{"legend":[{"showTitle":false,"fontSize":9,"fontFamily":"Segoe UI","labelColor":{"solid":{"color":"#000000"}}}],"categoryLabels":[{"show":true,"color":{"solid":{"color":"#000000"}},"fontSize":9,"fontFamily":"Segoe UI"}]}},"map":{"*":{"legend":[{"showTitle":false,"fontSize":9,"fontFamily":"Segoe UI","labelColor":{"solid":{"color":"#000000"}}}],"mapControls":[{"autoZoom":true,"centerLatitude":-25.2744,"centerLongitude":133.7751,"zoomLevel":3}]}},"filledMap":{"*":{"legend":[{"showTitle":false,"fontSize":9,"fontFamily":"Segoe UI","labelColor":{"solid":{"color":"#000000"}}}]}},"basicShape":{"*":{"fill":[{"fillColor":"#FFFFFF","show":false}],"line":[{"lineColor":{"solid":{"color":"#272C32"}},"weight":1,"roundEdge":2}],"border":[{"show":false}]}},"ShapeMap":{"*":{"legend":[{"showTitle":false,"fontSize":9,"fontFamily":"Segoe UI","labelColor":{"solid":{"color":"#000000"}}}]}},"card":{"*":{"title":[{"show":true,"fontColor":{"solid":{"color":"#8A8B9B"}},"alignment":"center","fontSize":10,"fontFamily":"'Segoe UI Bold', wf_segoe-ui_bold, helvetica, arial, sans-serif"}],"labels":[{"show":true,"color":{"solid":{"color":"#000000"}},"fontSize":22,"fontFamily":"'Segoe UI Bold', wf_segoe-ui_bold, helvetica, arial, sans-serif"}],"dataLabels":[{"show":true,"color":{"solid":{"color":"#000000"}},"fontSize":22,"fontFamily":"'Segoe UI Bold', wf_segoe-ui_bold, helvetica, arial, sans-serif"}],"categoryLabels":[{"show":false,"color":{"solid":{"color":"#000000"}},"fontSize":9,"fontFamily":"Segoe UI"}]}},"image":{"*":{"border":[{"show":false}]}},"slicer":{"*":{"header":[{"show":false,"textSize":9,"fontColor":"#000000","fontFamily":"Segoe UI"}],"items":[{"textSize":9,"fontColor":"#000000","fontFamily":"Segoe UI"}],"title":[{"show":true,"fontSize":9,"fontColor":"#000000","fontFamily":"Segoe UI"}]}},"gauge":{"*":{"labels":[{"show":true,"color":{"solid":{"color":"#000000"}},"fontSize":9,"fontFamily":"Segoe UI"}],"target":[{"show":true,"color":{"solid":{"color":"#000000"}},"fontSize":9,"fontFamily":"Segoe UI"}]}},"tableEx":{"*":{"grid":[{"gridVertical":false,"gridHorizontal":true,"gridHorizontalColor":{"solid":{"color":"#E7E7E7"}},"gridHorizontalWeight":1,"rowPadding":2,"outlineColor":{"solid":{"color":"#E7E7E7"}},"outlineWeight":1,"textSize":9,"imageHeight":75}],"columnHeaders":[{"fontColor":{"solid":{"color":"#000000"},"backColor":{"solid":{"color":"#FFFFFF"}},"autoSizeColumnWidth":false,"fontFamily":"'Segoe UI Bold', wf_segoe-ui_bold, helvetica, arial, sans-serif","fontSize":9,"outline":[{"value":"BottomOnly"}],"wordWrap":true}}],"values":[{"backColorPrimary":{"solid":{"color":"#FFFFFF"}},"backColorSecondary":{"solid":{"color":"#FFFFFF"}},"backColor":{"solid":{"color":"#FFFFFF"}},"bandedRowHeaders":false,"fontSize":9,"fontFamily":"Segoe UI"}],"total":[{"outline":"TopBottom","backColor":{"solid":{"color":"#FFFFFF"}}}]}},"pivotTable":{"*":{"grid":[{"gridVertical":false,"gridHorizontal":true,"gridHorizontalColor":{"solid":{"color":"#E7E7E7"}},"gridHorizontalWeight":1,"rowPadding":2,"outlineColor":{"solid":{"color":"#E7E7E7"}},"outlineWeight":1,"textSize":9,"imageHeight":75}],"columnHeaders":[{"fontColor":{"solid":{"color":"#000000"}},"backColor":{"solid":{"color":"#FFFFFF"}},"autoSizeColumnWidth":false,"fontFamily":"'Segoe UI Bold', wf_segoe-ui_bold, helvetica, arial, sans-serif","fontSize":9,"outline":[{"value":"BottomOnly"}],"wordWrap":true}],"rowHeaders":[{"fontColor":{"solid":{"color":"#000000"}},"backColor":{"solid":{"color":"#FFFFFF"}},"fontFamily":"Segoe UI","fontSize":9,"stepped":false}],"subTotals":[{"rowSubtotals":false}],"values":[{"backColorSecondary":{"solid":{"color":"#FFFFFF"}},"wordWrap":true,"fontSize":9,"fontFamily":"Segoe UI"}],"total":[{"outline":"None","backColor":{"solid":{"color":"#FFFFFF"}}}]}}}}