"0",""
"0","SQL_FILE <- 'AIMS_commercial_event_list_v2.sql'"
"0","starttime <- '2019-03-01'"
"0","endtime <- '2019-04-01'"
"0","maxcases <- 30000"
"0","aims_activities <- c('Lodgement', 'Documentation', 'Settlement problem','Inspection', 'Treatment', 'Amended', 'Export_destroy', 'Permit conds', 'Final dir')"
"0",""
"0","events <- get.events(starttime, endtime, filename = SQL_FILE, maxcases=maxcases) %>% "
"0","  mutate(activity = factor(activity, levels = aims_activities))"
"0","stopifnot(sum(is.na(unique(events$activity)))==0)"
"0",""
