{"chunk_definitions":[{"row":64,"row_count":1,"visible":true,"expansion_state":0,"options":{"engine":"r","label":"setup","include":false},"document_id":"39306AA2","chunk_id":"csetup_chunk","chunk_label":"setup"},{"row":83,"row_count":1,"visible":true,"expansion_state":0,"options":{"engine":"r","label":"unnamed-chunk-14"},"document_id":"39306AA2","chunk_id":"cizpgi9s016oy","chunk_label":"unnamed-chunk-1"}],"doc_write_time":1621381313,"working_dir":null,"default_chunk_options":{},"chunk_rendered_width":700}