{"chunk_definitions":[{"row":28,"row_count":1,"visible":true,"expansion_state":0,"options":{"engine":"r","label":"setup","include":false},"document_id":"EA1327D4","chunk_id":"csetup_chunk","chunk_label":"setup"},{"row":50,"row_count":1,"visible":true,"expansion_state":0,"options":{"engine":"r","label":"prepdata1","message":false,"warning":false},"document_id":"EA1327D4","chunk_id":"cs2g1rzhw9jln","chunk_label":"prepdata1"},{"row":77,"row_count":1,"visible":true,"expansion_state":0,"options":{"engine":"r","label":"prepdata2","message":false,"warning":false},"document_id":"EA1327D4","chunk_id":"cds8emmzzi5kf","chunk_label":"prepdata2"},{"row":109,"row_count":1,"visible":true,"expansion_state":0,"options":{"engine":"r","label":"prepdata3","message":false,"warning":false},"document_id":"EA1327D4","chunk_id":"c0gazwj94t4hq","chunk_label":"prepdata3"},{"row":126,"row_count":1,"visible":true,"expansion_state":0,"options":{"engine":"r","label":"defexport","echo":true},"document_id":"EA1327D4","chunk_id":"cerg23drxt6nz","chunk_label":"defexport"},{"row":143,"row_count":1,"visible":true,"expansion_state":0,"options":{"engine":"r","label":"figmain","fig.id":"process_volume","fig.cap":"AIMS process map: High-level categorisation of directions issued in AIMS during a week in 2019 (for top 80% of traces)","fig.cap.style":"Image Caption"},"document_id":"EA1327D4","chunk_id":"c771t7ydnqza8","chunk_label":"figmain"},{"row":161,"row_count":1,"visible":true,"expansion_state":0,"options":{"engine":"r","label":"figslow","fig.id":"slow","fig.cap":"AIMS process map: High-level categorisation of directions issued in AIMS during a week in 2019 (for top 80% of traces)","fig.cap.style":"Image Caption"},"document_id":"EA1327D4","chunk_id":"c0t7gsdcvc5yt","chunk_label":"figslow"},{"row":189,"row_count":1,"visible":true,"expansion_state":0,"options":{"engine":"r","label":"stats "},"document_id":"EA1327D4","chunk_id":"cgs9hvaja6cbd","chunk_label":"stats"},{"row":204,"row_count":1,"visible":true,"expansion_state":0,"options":{"engine":"r","label":"tpstatsplot "},"document_id":"EA1327D4","chunk_id":"cqbui2r2g8yte","chunk_label":"tpstatsplot"},{"row":224,"row_count":1,"visible":true,"expansion_state":0,"options":{"engine":"r","label":"animslow "},"document_id":"EA1327D4","chunk_id":"c4vibfse5bgsl","chunk_label":"animslow"},{"row":255,"row_count":1,"visible":true,"expansion_state":0,"options":{"engine":"r","label":"animfast "},"document_id":"EA1327D4","chunk_id":"chcbtsh61af5g","chunk_label":"animfast"}],"doc_write_time":1620711599,"chunk_rendered_width":482,"working_dir":null,"default_chunk_options":{"echo":true}}