"0",""
"0","getstats <- function(cases=event_log, tp_low, tp_high) {"
"0","  cases %>% "
"0","    filter(throughput_time>=tp_low,"
"0","           throughput_time<tp_high) %>% "
"0","    mutate(treated=grepl('T', trace_id)) %>% "
"0","    mutate(inspected=grepl('I', trace_id)) %>% "
"0","    summarise(median_thoughput_time = median(throughput_time),"
"0","              #cases=length(throughput_time),"
"0","              amended=sum(amended)/nrow(.),"
"0","              treated=sum(treated)/nrow(.),"
"0","              inspected=sum(inspected)/nrow(.),"
"0","              noncompliant=sum(`non-compliant`)/nrow(.))"
"0","}"
"0",""
"0","brks <- quantile(dm$cases$throughput_time, probs = seq(0, 1, 0.1))"
"0",""
"0","lapply(2:length(brks), function(x) getstats(dm$cases, brks[x-1], brks[x])) %>%"
"0","  bind_rows() -> tp_stats"
"0",""
"0","mytable(tp_stats %>% rename_with(toproper),"
"0","        caption = 'Frequency of selected activities by throughput time\n(each row shows statistics for a 10% quantile)')"
