[{"name":"htmlwidgets","version":"1.5.1","src":{"file":"C:\/dev\/RLibrary_4\/htmlwidgets\/www"},"meta":null,"script":"htmlwidgets.js","stylesheet":null,"head":null,"attachment":null,"package":null,"all_files":true},{"name":"processanimater-libs","version":"1.0.3","src":{"file":"C:\/dev\/RLibrary_4\/processanimateR\/htmlwidgets\/lib\/modules"},"meta":null,"script":["animation_playback_control.js","animation_scales.js","animation_tokens.js","animation_renderer_graphviz.js","animation_renderer_leaflet.js"],"stylesheet":null,"head":null,"attachment":null,"package":null,"all_files":false},{"name":"d3","version":"5.7.0","src":{"file":"C:\/dev\/RLibrary_4\/processanimateR\/htmlwidgets\/lib\/d3"},"meta":null,"script":"d3-custom.min.js","stylesheet":null,"head":null,"attachment":null,"package":null,"all_files":false},{"name":"fakesmil","version":"0.3.0","src":{"file":"C:\/dev\/RLibrary_4\/processanimateR\/htmlwidgets\/lib\/fakesmil"},"meta":null,"script":"smil.user.js","stylesheet":null,"head":null,"attachment":null,"package":null,"all_files":false},{"name":"svg-pan-zoom","version":"3.6.0","src":{"file":"C:\/dev\/RLibrary_4\/processanimateR\/htmlwidgets\/lib\/svg-pan-zoom"},"meta":null,"script":"svg-pan-zoom.min.js","stylesheet":null,"head":null,"attachment":null,"package":null,"all_files":false},{"name":"momentjs","version":"0.2.22.1","src":{"file":"C:\/dev\/RLibrary_4\/processanimateR\/htmlwidgets\/lib\/momentjs"},"meta":null,"script":"moment.min.js","stylesheet":null,"head":null,"attachment":null,"package":null,"all_files":false},{"name":"es6-promise","version":"4.2.5","src":{"file":"C:\/dev\/RLibrary_4\/processanimateR\/htmlwidgets\/lib\/es6-promise"},"meta":null,"script":"es6-promise.auto.min.js","stylesheet":null,"head":null,"attachment":null,"package":null,"all_files":true},{"name":"hammerjs","version":"2.0.8","src":{"file":"C:\/dev\/RLibrary_4\/processanimateR\/htmlwidgets\/lib\/hammerjs"},"meta":null,"script":"hammer.min.js","stylesheet":null,"head":null,"attachment":null,"package":null,"all_files":true},{"name":"processanimateR-binding","version":"1.0.3","src":{"file":"C:\/dev\/RLibrary_4\/processanimateR\/htmlwidgets"},"meta":null,"script":"processanimateR.js","stylesheet":null,"head":null,"attachment":null,"package":null,"all_files":false},{"name":"viz.js","version":"2.1.2","src":{"file":"htmlwidgets\/lib\/viz"},"meta":null,"script":["viz.js","full.render.js"],"stylesheet":null,"head":null,"attachment":null,"package":"processanimateR","all_files":false}]
