{"chunk_definitions":[{"row":28,"row_count":1,"visible":true,"expansion_state":0,"options":{"engine":"r","label":"setup","include":false},"document_id":"EA1327D4","chunk_id":"csetup_chunk","chunk_label":"setup"},{"row":50,"row_count":1,"visible":true,"expansion_state":0,"options":{"engine":"r","label":"prepdata1","message":false,"warning":false},"document_id":"EA1327D4","chunk_id":"cs2g1rzhw9jln","chunk_label":"prepdata1"}],"doc_write_time":1620371856,"working_dir":null,"default_chunk_options":{}}