{"chunk_definitions":[{"row":28,"row_count":1,"visible":true,"expansion_state":0,"options":{"engine":"r","label":"setup","include":false,"echo":false},"document_id":"EAF5F188","chunk_id":"csetup_chunk","chunk_label":"setup"},{"row":52,"row_count":1,"visible":true,"expansion_state":0,"options":{"engine":"r","label":"datamodel","echo":false,"fig.cap":"A data model for business process analysis (from bupr.net)"},"document_id":"EAF5F188","chunk_id":"c5uwn0f0kps2u","chunk_label":"datamodel"},{"row":83,"row_count":1,"visible":true,"expansion_state":0,"options":{"engine":"r","label":"eventlist","echo":false,"warning":false},"document_id":"EAF5F188","chunk_id":"cmnmy4tjn7n17","chunk_label":"eventlist"},{"row":106,"row_count":1,"visible":true,"expansion_state":0,"options":{"engine":"r","label":"processmap","echo":false,"message":false,"warning":false,"fig.id":"process_volume","fig.cap":"IMS process map showing volume of events","fig.cap.style":"Image Caption"},"document_id":"EAF5F188","chunk_id":"cvsgtqc83geaw","chunk_label":"processmap"},{"row":122,"row_count":1,"visible":true,"expansion_state":0,"options":{"engine":"r","label":"eventcounts","echo":false,"message":false,"warning":false},"document_id":"EAF5F188","chunk_id":"ctr7q1yxte0xu","chunk_label":"eventcounts"},{"row":139,"row_count":1,"visible":true,"expansion_state":0,"options":{"engine":"r","label":"animation","fig.height":2,"fig.width":7,"message":false,"warning":false,"include":false},"document_id":"EAF5F188","chunk_id":"cicbu7hsf5qk8","chunk_label":"animation"},{"row":152,"row_count":1,"visible":true,"expansion_state":0,"options":{"engine":"r","label":"processtime","echo":false,"message":false,"warning":false,"fig.cap":"IMS median process times"},"document_id":"EAF5F188","chunk_id":"cqnyfr242utot","chunk_label":"processtime"},{"row":162,"row_count":1,"visible":true,"expansion_state":0,"options":{"engine":"r","label":"processtimemean","echo":false,"message":false,"warning":false,"fig.cap":"IMS mean process times"},"document_id":"EAF5F188","chunk_id":"ckyhvz0abgyxj","chunk_label":"processtimemean"},{"row":174,"row_count":1,"visible":true,"expansion_state":0,"options":{"engine":"r","label":"processtimeplot","echo":false,"message":false,"warning":false,"fig.cap":"Distribution of processing time for each activity"},"document_id":"EAF5F188","chunk_id":"cy5q7usdds88o","chunk_label":"processtimeplot"},{"row":191,"row_count":1,"visible":true,"expansion_state":0,"options":{"engine":"r","label":"throughputtimes","echo":false},"document_id":"EAF5F188","chunk_id":"cn6tezk17vy83","chunk_label":"throughputtimes"},{"row":213,"row_count":1,"visible":true,"expansion_state":0,"options":{"engine":"r","label":"throughputstats","echo":false,"message":false,"warning":false,"fig.height":3,"fig.width":7,"fig.cap":"Density of throughput time at each port (where throughput time is less than 20 hr)"},"document_id":"EAF5F188","chunk_id":"csrucixxvoh93","chunk_label":"throughputstats"},{"row":281,"row_count":1,"visible":true,"expansion_state":0,"options":{"engine":"r","label":"timestats","echo":false,"message":false,"warning":false,"fig.height":5,"fig.width":7,"fig.cap":"Distribution of two activities at two ports during a week in January 2021"},"document_id":"EAF5F188","chunk_id":"cw0s8uh3trywv","chunk_label":"timestats"}],"doc_write_time":1626828686,"working_dir":null,"default_chunk_options":{"echo":true,"fig.align":"center"},"chunk_rendered_width":700}