{"chunk_definitions":[{"row":28,"row_count":1,"visible":true,"expansion_state":0,"options":{"engine":"r","label":"setup","include":false},"document_id":"EA1327D4","chunk_id":"csetup_chunk","chunk_label":"setup"},{"row":50,"row_count":1,"visible":true,"expansion_state":0,"options":{"engine":"r","label":"prepdata1","message":false,"warning":false},"document_id":"EA1327D4","chunk_id":"cs2g1rzhw9jln","chunk_label":"prepdata1"},{"row":77,"row_count":1,"visible":true,"expansion_state":0,"options":{"engine":"r","label":"prepdata2","message":false,"warning":false},"document_id":"EA1327D4","chunk_id":"cds8emmzzi5kf","chunk_label":"prepdata2"},{"row":109,"row_count":1,"visible":true,"expansion_state":0,"options":{"engine":"r","label":"prepdata3","message":false,"warning":false},"document_id":"EA1327D4","chunk_id":"c0gazwj94t4hq","chunk_label":"prepdata3"},{"row":126,"row_count":1,"visible":true,"expansion_state":0,"options":{"engine":"r","label":"defexport","echo":true},"document_id":"EA1327D4","chunk_id":"cerg23drxt6nz","chunk_label":"defexport"},{"row":143,"row_count":1,"visible":true,"expansion_state":0,"options":{"engine":"r","label":"figmain","fig.id":"process_volume","fig.cap":"AIMS process map: High-level categorisation of directions issued in AIMS during a week in 2019 (for top 80% of traces)","fig.cap.style":"Image Caption"},"document_id":"EA1327D4","chunk_id":"c771t7ydnqza8","chunk_label":"figmain"},{"row":189,"row_count":1,"visible":true,"expansion_state":0,"options":{"engine":"r","label":"stats "},"document_id":"EA1327D4","chunk_id":"cyc2jam5rdk3p","chunk_label":"stats"},{"row":203,"row_count":1,"visible":true,"expansion_state":0,"options":{"engine":"r","label":"tpstatsplot "},"document_id":"EA1327D4","chunk_id":"cqbui2r2g8yte","chunk_label":"tpstatsplot"}],"doc_write_time":1620618688,"chunk_rendered_width":400}